Date,Time
29-07-2026,10:42 PM
29-07-2026,10:43 PM
30-07-2026,05:02 PM
31-07-2026,05:50 PM
01-08-2026,03:53 PM
02-08-2026,03:51 PM
03-08-2026,07:28 PM
04-08-2026,05:51 PM
05-08-2026,05:18 PM
06-08-2026,05:51 PM
07-08-2026,02:04 PM
08-08-2026,11:56 AM
09-08-2026,01:11 PM
10-08-2026,02:31 PM
11-08-2026,01:45 PM
12-08-2026,02:20 PM
13-08-2026,02:24 PM
14-08-2026,02:17 PM
15-08-2026,11:16 AM
16-08-2026,11:20 AM
17-08-2026,11:33 AM
18-08-2026,11:24 AM
19-08-2026,11:26 AM
20-08-2026,11:27 AM
21-08-2026,11:30 AM
22-08-2026,11:18 AM
23-08-2026,11:24 AM
24-08-2026,11:36 AM
25-08-2026,11:30 AM
26-08-2026,11:32 AM
29-08-2026,02:50 AM
29-08-2026,04:48 PM
30-08-2026,03:34 PM
